"id","created","reporting_user_id","reported_user_id","reason_id","comment","id","localizable_string_name"
367914,"2017-04-02 00:10:20.993854",2934248,2243372,3,"",3,"ReportReason_3"
387507,"2017-05-11 00:19:06.638295",3287280,124990,1,"",1,"ReportReason_1"
346009,"2017-01-25 17:28:27.684896",3071162,269248,6,"",6,"ReportReason_6"
323322,"2016-12-06 05:10:08.754099",2767460,2916503,6,"Profile is obviously fake",6,"ReportReason_6"
257330,"2016-09-01 04:45:11.144797",2566127,561007,6,"",6,"ReportReason_6"
271259,"2016-09-19 23:23:33.588682",2566127,561007,1,"",1,"ReportReason_1"
328361,"2016-12-18 15:53:58.604507",2767460,2955827,2,"",2,"ReportReason_2"
381231,"2017-04-28 01:05:53.230836",2318528,3304377,2,"",2,"ReportReason_2"
318543,"2016-11-25 21:41:03.8059",616800,2843984,5,"",5,"ReportReason_5"
309691,"2016-11-09 02:35:01.860892",2788515,2686369,5,"",5,"ReportReason_5"
372895,"2017-04-15 01:42:21.085869",3099227,2352039,6,"fake age",6,"ReportReason_6"
353985,"2017-02-13 12:32:24.248199",3032805,446970,3,"",3,"ReportReason_3"
348571,"2017-02-01 02:40:19.654531",695257,2946194,5,"",5,"ReportReason_5"
343569,"2017-01-19 14:18:19.00302",118409,2973280,2,"",2,"ReportReason_2"
326822,"2016-12-13 18:37:04.519899",2597552,2856283,2,"",2,"ReportReason_2"
122886,"2016-03-04 13:26:06.840126",1010897,594744,2,"",2,"ReportReason_2"
372141,"2017-04-13 00:32:04.706698",3288716,2337129,4,"",4,"ReportReason_4"
361115,"2017-03-10 07:27:24.211091",3188838,3203027,2,"",2,"ReportReason_2"
361116,"2017-03-10 07:56:05.107762",3095185,3203027,2,"",2,"ReportReason_2"
349977,"2017-02-04 15:18:21.372372",3085672,3095992,2,"",2,"ReportReason_2"
358835,"2017-03-01 16:15:10.572933",2485449,3095992,6,"This is a con artist from Nigeria attempting to scam people with a fake profile.",6,"ReportReason_6"
352103,"2017-02-09 17:15:07.985416",2767460,3111544,2,"",2,"ReportReason_2"
266699,"2016-09-14 09:51:19.118189",425985,2667889,6,"",6,"ReportReason_6"
313383,"2016-11-16 08:16:01.475593",2825237,2740977,6,"repetitive",6,"ReportReason_6"
354601,"2017-02-15 03:29:39.781104",866886,3130773,4,"",4,"ReportReason_4"
354619,"2017-02-15 04:07:58.173123",423079,3130773,4,"",4,"ReportReason_4"
339471,"2017-01-10 05:14:26.19354",2784621,3028254,2,"",2,"ReportReason_2"
339472,"2017-01-10 05:15:27.977859",2720642,3028254,6,"scam artist. sends users to a page to provide a credit card ""check""",6,"ReportReason_6"
339494,"2017-01-10 06:04:59.220174",117577,3028254,6,"scam",6,"ReportReason_6"
120692,"2016-03-02 13:30:25.502793",1051805,551462,1,"",1,"ReportReason_1"
359542,"2017-03-03 20:21:03.897804",2413021,3045866,1,"",1,"ReportReason_1"
232400,"2016-06-30 15:09:28.741189",2378338,154937,4,"",4,"ReportReason_4"
78270,"2016-02-11 14:33:23.503957",744996,548163,4,"",4,"ReportReason_4"
361979,"2017-03-13 05:37:27.769385",3151926,345889,3,"",3,"ReportReason_3"
365403,"2017-03-24 21:50:35.014591",3243499,345889,1,"",1,"ReportReason_1"
104498,"2016-02-13 04:05:49.450247",332357,662361,5,"",5,"ReportReason_5"
310199,"2016-11-10 03:35:00.665234",2767460,2836908,2,"",2,"ReportReason_2"
322539,"2016-12-04 21:40:28.348124",2846021,2902671,1,"",1,"ReportReason_1"
322502,"2016-12-04 20:08:08.53353",2794979,2902671,1,"",1,"ReportReason_1"
322505,"2016-12-04 20:15:33.623083",2794979,2902671,2,"",2,"ReportReason_2"
322540,"2016-12-04 21:41:54.861328",2846021,2902671,1,"",1,"ReportReason_1"
322558,"2016-12-04 22:53:18.858327",611657,2902671,1,"",1,"ReportReason_1"
322527,"2016-12-04 21:13:15.918217",2908394,2902671,2,"",2,"ReportReason_2"
322504,"2016-12-04 20:12:26.096719",2639751,2902671,1,"",1,"ReportReason_1"
322591,"2016-12-05 00:29:50.644085",2394216,2902671,2,"",2,"ReportReason_2"
322495,"2016-12-04 19:53:42.628785",2394216,2902671,2,"",2,"ReportReason_2"
322501,"2016-12-04 20:02:55.312225",2394216,2902671,2,"",2,"ReportReason_2"
322503,"2016-12-04 20:10:23.028355",2794979,2902671,3,"",3,"ReportReason_3"
322506,"2016-12-04 20:18:57.354566",2639751,2902671,4,"",4,"ReportReason_4"
322530,"2016-12-04 21:19:35.936176",2908394,2902671,3,"",3,"ReportReason_3"
322534,"2016-12-04 21:28:38.716862",611657,2902671,2,"",2,"ReportReason_2"
322535,"2016-12-04 21:30:43.731944",611657,2902671,1,"",1,"ReportReason_1"
322538,"2016-12-04 21:39:41.877129",611657,2902671,6,"For some reason this user and I keep getting matched over and over after I've unmatched and reported him because I keep getting notifications ",6,"ReportReason_6"
328769,"2016-12-19 13:53:20.35596",2313646,2902671,2,"",2,"ReportReason_2"
342684,"2017-01-17 13:43:13.230069",3049083,2919053,2,"",2,"ReportReason_2"
373252,"2017-04-16 20:05:44.008169",2557044,3279338,1,"",1,"ReportReason_1"
338859,"2017-01-09 00:40:12.676587",2779938,241100,6,"uses offensive language and uses matches to verbally attack users",6,"ReportReason_6"
355829,"2017-02-19 13:46:42.322717",3134138,3137798,5,"",5,"ReportReason_5"
262253,"2016-09-08 02:10:46.524051",2225293,2504460,6,"He's way too old to be liking my profile there should be some type of age restictions to stop people who are 54 from tryig to talk to 18 year olds.",6,"ReportReason_6"
303884,"2016-10-28 13:59:20.34845",906834,2231116,1,"",1,"ReportReason_1"
357997,"2017-02-26 21:59:11.741887",3137741,575463,1,"",1,"ReportReason_1"
373675,"2017-04-17 13:52:26.581208",3294224,3106640,2,"",2,"ReportReason_2"
373710,"2017-04-17 15:50:16.264047",2229114,3106640,2,"",2,"ReportReason_2"
373609,"2017-04-17 10:07:18.003771",2224851,3106640,2,"",2,"ReportReason_2"
373719,"2017-04-17 16:11:03.44015",744996,3106640,2,"",2,"ReportReason_2"
373387,"2017-04-17 01:48:02.418125",3114971,3106640,3,"",3,"ReportReason_3"
373394,"2017-04-17 02:02:36.98795",552344,3106640,2,"",2,"ReportReason_2"
373457,"2017-04-17 03:58:30.605296",2883312,3106640,6,"this person asked me to ""verify my id"" with a link to a site asking for my credit card and other personal details.",6,"ReportReason_6"
374621,"2017-04-19 08:04:28.777367",3308395,3106640,2,"",2,"ReportReason_2"
374871,"2017-04-19 18:49:53.59719",2820295,3106640,2,"",2,"ReportReason_2"
375115,"2017-04-20 02:48:40.214849",3268920,3106640,2,"",2,"ReportReason_2"
376252,"2017-04-21 21:38:44.437381",3294224,3106640,2,"",2,"ReportReason_2"
381041,"2017-04-27 18:47:33.178852",3294224,3106640,2,"",2,"ReportReason_2"
318483,"2016-11-25 18:46:25.05595",2843984,2884346,4,"",4,"ReportReason_4"
356942,"2017-02-23 05:16:57.611233",2378338,2893512,1,"",1,"ReportReason_1"
349923,"2017-02-04 08:25:24.363883",3070503,3100904,6,"obsene",6,"ReportReason_6"
361878,"2017-03-12 22:27:38.09306",3060825,3209303,2,"",2,"ReportReason_2"
372701,"2017-04-14 13:21:08.639668",3284526,3307517,2,"",2,"ReportReason_2"
372731,"2017-04-14 14:56:31.995126",3137741,3307517,2,"",2,"ReportReason_2"
372742,"2017-04-14 15:19:56.472436",2866266,3307517,2,"",2,"ReportReason_2"
372755,"2017-04-14 16:08:25.582068",3276815,3307517,6,"hes asking me to buy him stuff on kik",6,"ReportReason_6"
372804,"2017-04-14 19:11:55.814426",3294224,3307517,2,"",2,"ReportReason_2"
372830,"2017-04-14 21:12:05.17709",3221787,3307517,2,"",2,"ReportReason_2"
372898,"2017-04-15 01:53:51.058203",3137741,3307517,2,"",2,"ReportReason_2"
360144,"2017-03-06 16:39:39.91129",3137741,3169390,1,"",1,"ReportReason_1"
342123,"2017-01-16 02:06:59.064201",2603181,3045697,2,"",2,"ReportReason_2"
342162,"2017-01-16 03:38:09.852199",128566,3045697,2,"",2,"ReportReason_2"
342221,"2017-01-16 06:14:49.779916",2758641,3045697,2,"",2,"ReportReason_2"
339060,"2017-01-09 12:17:57.280033",2879544,3025529,2,"",2,"ReportReason_2"
339190,"2017-01-09 20:33:21.531689",3002204,3025529,2,"",2,"ReportReason_2"
327933,"2016-12-17 04:48:13.192888",2930787,2722067,4,"",4,"ReportReason_4"
327379,"2016-12-15 04:18:54.284249",2946158,2829188,4,"",4,"ReportReason_4"
362405,"2017-03-14 16:52:02.647199",2866266,2297637,5,"",5,"ReportReason_5"
389989,"2017-05-15 02:04:03.50849",145439,3391739,2,"",2,"ReportReason_2"
390104,"2017-05-15 04:44:43.947766",3383599,3391739,2,"",2,"ReportReason_2"
322888,"2016-12-05 12:44:07.04243",2624457,2914771,5,"",5,"ReportReason_5"
270795,"2016-09-19 04:31:08.291525",866886,2445153,6,"Multiple profiles. Came across 5 already",6,"ReportReason_6"
364118,"2017-03-20 02:19:54.128423",3176125,3230958,2,"",2,"ReportReason_2"
221417,"2016-06-17 04:29:02.693341",2355716,2066234,4,"",4,"ReportReason_4"
341269,"2017-01-14 03:58:31.729257",816321,3040240,4,"",4,"ReportReason_4"
341294,"2017-01-14 04:59:38.54449",2599108,3040240,4,"",4,"ReportReason_4"
323589,"2016-12-06 21:09:59.081184",2902203,2620765,6,"",6,"ReportReason_6"
375913,"2017-04-21 14:14:36.683713",986420,2518426,6,"Wants money ",6,"ReportReason_6"
344867,"2017-01-23 01:51:44.893442",2828290,3063823,4,"",4,"ReportReason_4"
358987,"2017-03-02 05:12:26.106364",3114971,357853,3,"",3,"ReportReason_3"
385888,"2017-05-07 04:34:37.545075",3287280,3235578,1,"",1,"ReportReason_1"
278097,"2016-10-03 04:10:06.450888",640755,2653533,2,"",2,"ReportReason_2"
290055,"2016-10-12 14:27:50.066604",2380937,2080725,6,"",6,"ReportReason_6"
326054,"2016-12-11 17:25:48.515002",2933832,2264580,1,"",1,"ReportReason_1"
357870,"2017-02-26 12:59:14.08339",2986724,2047677,2,"",2,"ReportReason_2"
356708,"2017-02-22 07:27:33.646321",2075650,623540,2,"",2,"ReportReason_2"
85988,"2016-02-11 14:34:51.440359",616800,841831,4,"",4,"ReportReason_4"
85960,"2016-02-11 14:34:51.114374",551462,841831,4,"",4,"ReportReason_4"
383061,"2017-04-30 18:34:32.015308",2820295,3346916,2,"",2,"ReportReason_2"
383636,"2017-05-01 20:39:00.503831",3268920,3346916,2,"",2,"ReportReason_2"
365984,"2017-03-26 15:24:12.678106",2969907,2706587,2,"",2,"ReportReason_2"
366022,"2017-03-26 16:41:05.450237",2969907,2706587,1,"",1,"ReportReason_1"
87828,"2016-02-11 14:35:12.405143",437292,815340,5,"",5,"ReportReason_5"
308436,"2016-11-06 14:03:35.175952",2564544,2611830,5,"",5,"ReportReason_5"
353799,"2017-02-13 01:26:45.285683",3117631,3069859,1,"",1,"ReportReason_1"
357388,"2017-02-24 21:30:44.791326",2882355,3149259,2,"",2,"ReportReason_2"
357467,"2017-02-25 03:39:06.016878",2986724,3149259,6,"hes using homo in front page ",6,"ReportReason_6"
64775,"2016-02-11 14:30:44.365254",494361,327301,3,"",3,"ReportReason_3"
329039,"2016-12-20 04:55:49.109787",2907805,2925285,1,"",1,"ReportReason_1"
356686,"2017-02-22 06:05:03.383893",2767460,3151949,2,"",2,"ReportReason_2"
342853,"2017-01-17 23:28:08.28758",546478,2930246,2,"",2,"ReportReason_2"
313104,"2016-11-15 17:46:03.433382",2825237,153043,6,"repetitive",6,"ReportReason_6"
359115,"2017-03-02 14:29:20.712182",3121839,3138262,5,"",5,"ReportReason_5"
383138,"2017-04-30 23:12:48.217825",2767460,3345687,2,"",2,"ReportReason_2"
384202,"2017-05-03 04:56:06.37663",2804030,3325736,2,"",2,"ReportReason_2"
384203,"2017-05-03 04:56:22.932419",2804030,3325736,6,"Stealing photos",6,"ReportReason_6"
313082,"2016-11-15 17:32:29.630873",2825237,2725657,6,"repetitive",6,"ReportReason_6"
339904,"2017-01-11 02:57:33.669298",3014007,2887105,6,"Not my type",6,"ReportReason_6"
98419,"2016-02-11 14:37:17.958997",494361,642250,4,"",4,"ReportReason_4"
372142,"2017-04-13 00:32:55.674396",3288716,2985953,2,"",2,"ReportReason_2"
313385,"2016-11-16 08:16:19.100792",2825237,215046,6,"repetitive",6,"ReportReason_6"
362615,"2017-03-15 05:33:00.089195",2999551,3219180,6,"scam",6,"ReportReason_6"
378969,"2017-04-24 21:12:05.736924",3091509,3335851,2,"",2,"ReportReason_2"
378777,"2017-04-24 15:45:30.636341",2829188,3335851,2,"",2,"ReportReason_2"
381695,"2017-04-28 18:31:56.386058",995821,3335851,2,"",2,"ReportReason_2"
388475,"2017-05-12 16:09:25.311745",3091509,3378927,2,"",2,"ReportReason_2"
329671,"2016-12-21 16:39:40.51246",2767460,2964879,2,"",2,"ReportReason_2"
382812,"2017-04-30 05:30:34.641458",3094443,3306639,2,"",2,"ReportReason_2"
332211,"2016-12-28 01:11:27.947475",2767460,2982700,2,"",2,"ReportReason_2"
341109,"2017-01-13 20:11:13.486909",2758641,3038194,2,"",2,"ReportReason_2"
386637,"2017-05-08 15:51:12.74538",3152578,3345649,1,"",1,"ReportReason_1"
380955,"2017-04-27 14:53:43.992678",3095185,3345649,2,"",2,"ReportReason_2"
381002,"2017-04-27 17:16:53.938239",2820295,3345649,2,"",2,"ReportReason_2"
380957,"2017-04-27 15:02:27.616168",3217975,3345649,2,"",2,"ReportReason_2"
381039,"2017-04-27 18:44:18.299407",2934248,3345649,2,"",2,"ReportReason_2"
381040,"2017-04-27 18:44:33.00881",372424,3345649,2,"",2,"ReportReason_2"
381052,"2017-04-27 19:14:03.268389",2803074,3345649,6,"",6,"ReportReason_6"
381079,"2017-04-27 20:08:07.30082",2356900,3345649,2,"",2,"ReportReason_2"
381058,"2017-04-27 19:27:15.722459",191891,3345649,2,"",2,"ReportReason_2"
381092,"2017-04-27 20:42:04.910916",3094413,3345649,2,"",2,"ReportReason_2"
381136,"2017-04-27 22:48:21.204024",2767460,3345649,2,"",2,"ReportReason_2"
381671,"2017-04-28 17:33:26.974401",2356900,3345649,2,"",2,"ReportReason_2"
383628,"2017-05-01 20:13:00.33477",3318935,2991148,1,"",1,"ReportReason_1"
302731,"2016-10-26 01:46:42.565828",2767460,2635358,5,"",5,"ReportReason_5"
313098,"2016-11-15 17:38:22.047343",2825237,2424514,6,"repetitive",6,"ReportReason_6"
352399,"2017-02-10 03:53:45.098456",548076,3115181,3,"",3,"ReportReason_3"
347867,"2017-01-30 04:42:50.334955",3049083,2818003,2,"",2,"ReportReason_2"
331344,"2016-12-26 17:59:06.127258",941393,2978286,4,"",4,"ReportReason_4"
331349,"2016-12-26 18:07:46.41847",2951071,2978286,4,"",4,"ReportReason_4"
331352,"2016-12-26 18:18:37.687746",816321,2978286,4,"",4,"ReportReason_4"
331406,"2016-12-26 19:53:58.112355",810217,2978286,4,"",4,"ReportReason_4"
331439,"2016-12-26 21:51:46.380236",2886162,2978286,4,"",4,"ReportReason_4"
313094,"2016-11-15 17:36:34.32923",2825237,2822316,6,"repetitive",6,"ReportReason_6"
352252,"2017-02-09 23:43:49.844419",3085672,3107598,2,"",2,"ReportReason_2"
356694,"2017-02-22 06:20:49.938285",3137741,1089708,1,"",1,"ReportReason_1"
342160,"2017-01-16 03:33:14.129266",3045697,2982656,2,"",2,"ReportReason_2"
368576,"2017-04-04 12:11:32.905211",3251471,686487,1,"",1,"ReportReason_1"
328323,"2016-12-18 13:37:01.036486",2886162,2955523,4,"",4,"ReportReason_4"
322562,"2016-12-04 22:58:56.058163",2249008,2911111,4,"",4,"ReportReason_4"
330875,"2016-12-25 06:51:32.079118",2909780,2973425,3,"",3,"ReportReason_3"
331194,"2016-12-26 07:49:08.841609",2909780,2973425,3,"",3,"ReportReason_3"
388136,"2017-05-12 01:16:27.42017",3281339,3382854,2,"",2,"ReportReason_2"
388150,"2017-05-12 01:36:42.194509",2968671,3382854,2,"",2,"ReportReason_2"
388155,"2017-05-12 01:53:14.284183",2843208,3382854,2,"",2,"ReportReason_2"
388259,"2017-05-12 04:17:56.904333",2803074,3382854,2,"",2,"ReportReason_2"
388416,"2017-05-12 12:23:21.156067",3161563,3382854,2,"",2,"ReportReason_2"
388282,"2017-05-12 04:50:15.602604",2760854,3380297,2,"",2,"ReportReason_2"
341544,"2017-01-14 16:23:36.322557",2554856,3041539,2,"",2,"ReportReason_2"
342011,"2017-01-15 18:54:25.615961",2554856,2543532,2,"",2,"ReportReason_2"
310288,"2016-11-10 07:24:02.347722",2676020,2639751,6,"",6,"ReportReason_6"
375384,"2017-04-20 18:10:33.520552",3137741,3318935,5,"",5,"ReportReason_5"
349946,"2017-02-04 11:31:16.142251",2636950,3092897,2,"",2,"ReportReason_2"
313388,"2016-11-16 08:18:57.535441",2825237,315936,6,"repetitive",6,"ReportReason_6"
350463,"2017-02-05 18:41:07.661584",2899018,2460887,2,"",2,"ReportReason_2"
315155,"2016-11-19 05:27:07.824894",2865656,2538345,2,"",2,"ReportReason_2"
279436,"2016-10-04 15:48:56.404101",2716633,941249,1,"",1,"ReportReason_1"
335390,"2017-01-03 02:57:02.263606",816321,3004188,4,"",4,"ReportReason_4"
335452,"2017-01-03 04:57:11.158776",810217,3004188,4,"",4,"ReportReason_4"
335541,"2017-01-03 07:23:54.5153",548076,3004188,4,"",4,"ReportReason_4"
386572,"2017-05-08 10:17:51.976996",959611,3343412,2,"",2,"ReportReason_2"
357669,"2017-02-25 21:50:45.283753",2249008,3149116,4,"",4,"ReportReason_4"
242157,"2016-08-03 04:38:06.852942",343156,2509775,6,"",6,"ReportReason_6"
242158,"2016-08-03 04:38:44.657108",343156,2509775,3,"",3,"ReportReason_3"
90627,"2016-02-11 14:35:47.005361",891277,775240,2,"",2,"ReportReason_2"
122572,"2016-03-04 06:11:41.483859",1025799,775240,6,"",6,"ReportReason_6"
390349,"2017-05-15 15:42:38.655588",2065170,3154706,2,"",2,"ReportReason_2"
356533,"2017-02-21 19:37:58.071054",3055601,3150675,2,"",2,"ReportReason_2"
324458,"2016-12-08 03:44:57.447582",2249008,2923129,4,"",4,"ReportReason_4"
365338,"2017-03-24 15:19:59.802506",2767460,3243499,2,"",2,"ReportReason_2"
318800,"2016-11-26 13:06:53.738177",2851179,868089,1,"",1,"ReportReason_1"
378419,"2017-04-24 03:12:28.542926",3187801,868089,1,"",1,"ReportReason_1"
385923,"2017-05-07 05:22:18.207537",2133728,868089,1,"",1,"ReportReason_1"
344074,"2017-01-20 23:57:56.227726",2599108,3058218,4,"",4,"ReportReason_4"
344096,"2017-01-21 00:42:56.867972",3049083,3058218,4,"",4,"ReportReason_4"
344138,"2017-01-21 02:02:54.939309",821774,3058218,4,"",4,"ReportReason_4"
386267,"2017-05-08 00:28:16.818138",475854,2936663,6,"soliciting",6,"ReportReason_6"
372057,"2017-04-12 19:44:19.71974",2962490,3139700,2,"",2,"ReportReason_2"
338370,"2017-01-08 01:05:38.613535",2720642,2313646,6,"i recently changed cell phones and some how i came across this other account. didnt realize a new one was created since my details transferred to this new phone. please delete the old profile as i do not have access to it any longer. ",6,"ReportReason_6"
249908,"2016-08-19 13:16:03.989289",1057802,2582455,4,"",4,"ReportReason_4"
379885,"2017-04-25 20:20:02.323327",144372,3320404,6,"",6,"ReportReason_6"
313103,"2016-11-15 17:42:40.995969",2825237,133362,6,"repetitive",6,"ReportReason_6"
388165,"2017-05-12 02:07:36.789864",2602100,3381969,2,"",2,"ReportReason_2"
388167,"2017-05-12 02:07:46.108562",2602100,3381969,2,"",2,"ReportReason_2"
388168,"2017-05-12 02:07:53.688622",2602100,3381969,2,"",2,"ReportReason_2"
388170,"2017-05-12 02:08:02.267035",2602100,3381969,2,"",2,"ReportReason_2"
388277,"2017-05-12 04:40:58.220798",2677926,3381969,1,"",1,"ReportReason_1"
359612,"2017-03-04 07:42:52.633414",3165848,3114540,2,"",2,"ReportReason_2"
328385,"2016-12-18 17:12:51.643268",2767460,2955779,2,"",2,"ReportReason_2"
328743,"2016-12-19 12:26:38.969855",2394216,2955779,2,"",2,"ReportReason_2"
328472,"2016-12-18 22:31:39.264684",1072168,2955779,2,"",2,"ReportReason_2"
328765,"2016-12-19 13:50:43.158313",2313646,2955779,2,"",2,"ReportReason_2"
329191,"2016-12-20 13:17:01.33598",176565,2955779,2,"",2,"ReportReason_2"
348362,"2017-01-31 11:37:54.600622",391800,2980043,6,"",6,"ReportReason_6"
164430,"2016-04-23 01:05:31.370776",551462,1092754,4,"",4,"ReportReason_4"
164480,"2016-04-23 01:37:03.463825",816321,1092754,4,"",4,"ReportReason_4"
164543,"2016-04-23 02:16:25.393906",616800,1092754,4,"",4,"ReportReason_4"
164638,"2016-04-23 03:33:04.263322",821774,1092754,4,"",4,"ReportReason_4"
374569,"2017-04-19 04:46:45.549311",3267343,3323023,6,"Soliciting information for financial reasons. ",6,"ReportReason_6"
374570,"2017-04-19 04:48:09.819187",3268920,3323023,2,"",2,"ReportReason_2"
374571,"2017-04-19 04:48:28.459212",3268920,3323023,2,"",2,"ReportReason_2"
374577,"2017-04-19 05:03:16.605467",372424,3323023,2,"",2,"ReportReason_2"
374608,"2017-04-19 07:16:06.519005",2705742,3323023,2,"",2,"ReportReason_2"
374613,"2017-04-19 07:38:26.018265",3308395,3323023,2,"",2,"ReportReason_2"
374803,"2017-04-19 17:33:12.575858",3284526,3323023,2,"",2,"ReportReason_2"
374669,"2017-04-19 11:25:06.514973",2356900,3323023,2,"",2,"ReportReason_2"
374672,"2017-04-19 11:33:50.297595",2602100,3323023,2,"",2,"ReportReason_2"
374832,"2017-04-19 18:13:41.481525",2229114,3323023,2,"",2,"ReportReason_2"
374941,"2017-04-19 20:25:56.648188",2397497,3323023,2,"",2,"ReportReason_2"
375033,"2017-04-19 22:47:01.014692",3222464,3323023,2,"",2,"ReportReason_2"
375274,"2017-04-20 12:50:29.382209",2866266,3323023,2,"",2,"ReportReason_2"
375569,"2017-04-21 02:19:28.629068",2180477,3323023,2,"",2,"ReportReason_2"
237737,"2016-07-19 17:28:34.674926",551462,2473678,2,"",2,"ReportReason_2"
371065,"2017-04-10 14:23:05.354832",847742,2904341,2,"",2,"ReportReason_2"
313389,"2016-11-16 08:19:09.527937",2825237,2670517,6,"repetitive",6,"ReportReason_6"
330174,"2016-12-23 02:41:06.673308",2767460,2968624,2,"",2,"ReportReason_2"
375318,"2017-04-20 15:14:34.103678",2356900,3324522,2,"",2,"ReportReason_2"
375354,"2017-04-20 16:54:14.05496",2829188,3324522,5,"",5,"ReportReason_5"
314487,"2016-11-18 06:50:43.707889",768199,2810589,4,"",4,"ReportReason_4"
375851,"2017-04-21 12:40:03.116255",2318528,3326290,2,"",2,"ReportReason_2"
350893,"2017-02-06 23:57:08.400319",2554856,3108995,4,"",4,"ReportReason_4"
350983,"2017-02-07 03:27:44.332025",3094413,3108995,4,"",4,"ReportReason_4"
350965,"2017-02-07 02:56:23.86556",816321,3108995,4,"",4,"ReportReason_4"
350905,"2017-02-07 00:12:22.54516",233143,3108995,4,"",4,"ReportReason_4"
385280,"2017-05-05 23:11:27.476164",2424514,3365607,2,"",2,"ReportReason_2"
385565,"2017-05-06 14:55:15.989615",440038,3365607,6,"He attempted to build ""rapport"" or ""trust"" with them and then asked if he could wire me money to purchase him iTunes gift cards.  ",6,"ReportReason_6"
385600,"2017-05-06 16:22:58.83971",3152578,3365607,2,"",2,"ReportReason_2"
385602,"2017-05-06 16:34:45.619374",3162152,3365607,2,"",2,"ReportReason_2"
385649,"2017-05-06 19:45:59.276399",2180477,3365607,2,"",2,"ReportReason_2"
386162,"2017-05-07 20:22:16.743346",3347161,3062730,6,"Trying to get me to download another app",6,"ReportReason_6"
353001,"2017-02-11 09:50:18.014031",672616,3120896,2,"",2,"ReportReason_2"
313084,"2016-11-15 17:33:17.482345",2825237,2344505,6,"repetitive",6,"ReportReason_6"
347442,"2017-01-29 04:21:00.437715",308808,3082496,6,"solicitation",6,"ReportReason_6"
146753,"2016-04-03 20:31:45.034821",941393,2081493,4,"",4,"ReportReason_4"
327560,"2016-12-15 20:59:18.810042",2219477,2948006,2,"",2,"ReportReason_2"
265458,"2016-09-12 18:13:44.73635",2225293,2095567,6,"too old to like my profile",6,"ReportReason_6"
262092,"2016-09-07 20:47:17.40283",2566687,2457801,6,"",6,"ReportReason_6"
313091,"2016-11-15 17:35:45.61787",2825237,506956,6,"repetitive",6,"ReportReason_6"
325518,"2016-12-10 07:22:50.22256",260603,2930525,2,"",2,"ReportReason_2"
325510,"2016-12-10 06:55:22.709284",2767460,2930525,2,"",2,"ReportReason_2"
341094,"2017-01-13 19:11:31.093429",2919245,3038566,1,"",1,"ReportReason_1"
341096,"2017-01-13 19:11:57.993436",2919245,3038566,3,"",3,"ReportReason_3"
341203,"2017-01-14 01:42:44.386992",2720642,3038566,2,"",2,"ReportReason_2"
341256,"2017-01-14 03:30:09.588964",2967312,3038566,3,"",3,"ReportReason_3"
302163,"2016-10-25 02:57:21.093058",2108311,2744686,3,"",3,"ReportReason_3"
313092,"2016-11-15 17:35:59.425791",2825237,2415081,6,"repetitive",6,"ReportReason_6"
328540,"2016-12-19 01:08:45.334801",2249008,2957353,4,"",4,"ReportReason_4"
383637,"2017-05-01 20:39:08.785833",3268920,3345047,2,"",2,"ReportReason_2"
318881,"2016-11-26 17:34:19.272614",816321,2887250,4,"",4,"ReportReason_4"
336241,"2017-01-04 11:29:17.205545",959611,3008195,2,"",2,"ReportReason_2"
341753,"2017-01-15 04:18:54.765147",294531,471879,2,"",2,"ReportReason_2"
182484,"2016-05-12 16:40:34.118394",2251716,2165941,2,"",2,"ReportReason_2"
304181,"2016-10-29 02:39:52.300824",648876,2682300,2,"",2,"ReportReason_2"
338900,"2017-01-09 03:06:20.302639",821774,3023884,4,"",4,"ReportReason_4"
338923,"2017-01-09 04:00:22.500023",2856903,3023884,4,"",4,"ReportReason_4"
338931,"2017-01-09 04:22:32.831439",742177,3023884,4,"",4,"ReportReason_4"
364840,"2017-03-22 17:20:17.370739",2394216,3220982,6,"this user is not 27",6,"ReportReason_6"
371858,"2017-04-12 10:27:09.978454",3291671,3151926,6,"",6,"ReportReason_6"
313386,"2016-11-16 08:17:25.054727",2825237,2437065,6,"repetitive",6,"ReportReason_6"
272159,"2016-09-21 17:52:03.791501",139736,2163155,6,"Using a fake photo. The profile picture is not him at all.",6,"ReportReason_6"
348393,"2017-01-31 14:42:44.036272",2997302,2519262,2,"",2,"ReportReason_2"
355121,"2017-02-17 02:30:58.355417",93760,3136764,4,"",4,"ReportReason_4"
355136,"2017-02-17 03:22:17.995412",3066932,3136764,4,"",4,"ReportReason_4"
355146,"2017-02-17 03:58:58.079428",2388437,3136764,4,"",4,"ReportReason_4"
355158,"2017-02-17 04:22:01.879708",866886,3136764,4,"",4,"ReportReason_4"
355162,"2017-02-17 04:43:17.174495",145890,3136764,4,"",4,"ReportReason_4"
317243,"2016-11-22 19:57:28.354328",2620611,2872974,2,"",2,"ReportReason_2"
318096,"2016-11-24 22:04:11.29967",2879544,2872974,2,"",2,"ReportReason_2"
326056,"2016-12-11 17:27:31.947053",490597,2872974,6,"Seems I'm homeland sent me an email that he has been arrested for fraud. I am not sure the emails from home office uk. Are real. I can forward them to you.",6,"ReportReason_6"
318731,"2016-11-26 07:16:18.461643",816321,2872974,6,"",6,"ReportReason_6"
318987,"2016-11-26 21:51:25.948669",2841634,2872974,2,"",2,"ReportReason_2"
306033,"2016-11-01 22:00:56.303646",2389312,2808612,2,"",2,"ReportReason_2"
240488,"2016-07-29 08:09:20.253551",951695,2158456,6,"not a match",6,"ReportReason_6"
51526,"2016-02-11 14:28:12.973074",168961,314018,2,"",2,"ReportReason_2"
346219,"2017-01-26 03:42:37.020861",391800,3037471,6,"",6,"ReportReason_6"
332239,"2016-12-28 01:49:43.760153",2983255,2081167,3,"",3,"ReportReason_3"
336066,"2017-01-04 04:01:03.010843",2767460,3008105,2,"",2,"ReportReason_2"
338873,"2017-01-09 01:20:32.60683",144879,3008105,3,"",3,"ReportReason_3"
390041,"2017-05-15 03:00:17.580658",2356900,3287280,2,"",2,"ReportReason_2"
385901,"2017-05-07 04:51:58.651714",340255,3287280,2,"",2,"ReportReason_2"
223493,"2016-06-18 20:28:46.908179",2294861,703303,6,"",6,"ReportReason_6"
368428,"2017-04-03 22:48:57.53632",2247132,3277600,2,"",2,"ReportReason_2"
368443,"2017-04-04 00:37:40.076033",3148766,3277600,2,"",2,"ReportReason_2"
381028,"2017-04-27 18:14:49.568916",3137741,3340142,1,"",1,"ReportReason_1"
322044,"2016-12-03 22:54:38.598118",2882355,995821,1,"",1,"ReportReason_1"
255384,"2016-08-29 04:03:26.194881",2566687,490572,5,"",5,"ReportReason_5"
313090,"2016-11-15 17:35:32.807422",2825237,2307471,6,"repetitive",6,"ReportReason_6"
368214,"2017-04-03 00:10:03.147804",3251471,3271757,2,"",2,"ReportReason_2"
65455,"2016-02-11 14:30:52.139322",437292,166351,4,"",4,"ReportReason_4"
342766,"2017-01-17 18:25:24.12502",2624457,2544487,5,"",5,"ReportReason_5"
337080,"2017-01-05 21:32:38.413929",484919,3012091,6,"scam artist ",6,"ReportReason_6"
337179,"2017-01-06 01:52:03.525119",2968671,3012091,6,"user seem to be part of a scam ",6,"ReportReason_6"
323966,"2016-12-07 09:14:10.726174",2249008,2920659,4,"",4,"ReportReason_4"
333641,"2016-12-30 14:50:51.652674",2603181,2988303,3,"",3,"ReportReason_3"
333285,"2016-12-29 19:57:33.261659",2834912,2988303,1,"",1,"ReportReason_1"
333082,"2016-12-29 13:02:22.181083",213461,2988303,2,"",2,"ReportReason_2"
341603,"2017-01-14 19:21:43.745681",2803074,2988303,2,"",2,"ReportReason_2"
360474,"2017-03-07 21:54:41.063957",2237154,2980851,2,"",2,"ReportReason_2"
360419,"2017-03-07 18:43:01.940605",551462,2909780,4,"",4,"ReportReason_4"
339486,"2017-01-10 05:43:20.80336",2720642,3025764,2,"",2,"ReportReason_2"
353794,"2017-02-13 01:15:01.033899",3117631,3123018,1,"",1,"ReportReason_1"
308470,"2016-11-06 15:49:56.459161",2644386,2822052,2,"",2,"ReportReason_2"
65783,"2016-02-11 14:30:55.919686",575612,128527,6,"",6,"ReportReason_6"
363902,"2017-03-19 07:09:24.936652",2767460,3230689,2,"",2,"ReportReason_2"
354517,"2017-02-14 22:28:26.867002",3117631,615856,1,"",1,"ReportReason_1"
332749,"2016-12-29 00:14:38.567234",2785144,2858992,1,"",1,"ReportReason_1"
332750,"2016-12-29 00:14:49.207363",2785144,2858992,1,"",1,"ReportReason_1"
350834,"2017-02-06 18:43:35.248909",544459,3100195,1,"",1,"ReportReason_1"
320934,"2016-12-01 10:34:50.882888",2902203,2422982,1,"",1,"ReportReason_1"
346276,"2017-01-26 05:32:05.264276",2767460,3063459,2,"",2,"ReportReason_2"
62674,"2016-02-11 14:30:20.442353",285437,500195,6,"spam",6,"ReportReason_6"
289137,"2016-10-11 14:00:28.717697",2234822,500195,6,"Using the site to solicit ",6,"ReportReason_6"
349978,"2017-02-04 15:19:30.801797",3085672,500195,2,"",2,"ReportReason_2"
345453,"2017-01-24 17:03:04.735577",3066959,500195,2,"",2,"ReportReason_2"
361906,"2017-03-13 00:24:03.901403",3140049,500195,2,"",2,"ReportReason_2"
344713,"2017-01-22 14:26:11.872583",257547,3037270,1,"",1,"ReportReason_1"
380912,"2017-04-27 12:38:32.957253",2356900,3037270,2,"",2,"ReportReason_2"
381080,"2017-04-27 20:08:23.078604",2356900,3037270,2,"",2,"ReportReason_2"
390095,"2017-05-15 04:32:37.484311",3383599,3037270,2,"",2,"ReportReason_2"
336098,"2017-01-04 05:51:05.963734",2767460,3008354,2,"",2,"ReportReason_2"
358268,"2017-02-27 21:48:07.544113",2677926,3165713,2,"",2,"ReportReason_2"
295549,"2016-10-16 22:49:20.671227",437911,2223156,2,"",2,"ReportReason_2"
332391,"2016-12-28 06:31:48.341205",810217,2983414,4,"",4,"ReportReason_4"
332407,"2016-12-28 06:43:19.524661",2757467,2983414,4,"",4,"ReportReason_4"
332409,"2016-12-28 06:53:30.859595",2981936,2983414,4,"",4,"ReportReason_4"
366306,"2017-03-27 12:51:31.290085",3137741,3219847,1,"",1,"ReportReason_1"
346038,"2017-01-25 19:05:02.52077",3043094,2733919,2,"",2,"ReportReason_2"
356495,"2017-02-21 15:29:28.094137",2378338,3124848,1,"",1,"ReportReason_1"
386603,"2017-05-08 13:32:14.265422",2147781,3372914,2,"",2,"ReportReason_2"
313410,"2016-11-16 09:05:07.385814",2825237,504281,6,"repetitive",6,"ReportReason_6"
49260,"2016-02-11 14:27:46.900531",256662,102939,1,"",1,"ReportReason_1"
81062,"2016-02-11 14:33:55.271938",649499,144879,6,"",6,"ReportReason_6"
369873,"2017-04-07 18:45:31.762362",2677926,3284951,1,"",1,"ReportReason_1"
313089,"2016-11-15 17:35:00.410516",2825237,352908,6,"repetitive",6,"ReportReason_6"
126028,"2016-03-07 15:09:53.636888",616800,1017059,6,"",6,"ReportReason_6"
313083,"2016-11-15 17:32:48.850285",2825237,131839,6,"repetitive",6,"ReportReason_6"
107477,"2016-02-16 04:30:21.452241",866886,1001133,4,"",4,"ReportReason_4"
107299,"2016-02-16 01:28:33.373811",616800,1001133,4,"",4,"ReportReason_4"
107312,"2016-02-16 01:43:05.655382",941393,1001133,4,"",4,"ReportReason_4"
353026,"2017-02-11 12:06:06.350779",959611,3105641,2,"",2,"ReportReason_2"
386567,"2017-05-08 09:40:43.863007",3370820,3298687,2,"",2,"ReportReason_2"
293290,"2016-10-14 22:36:23.068486",2722067,2734244,6,"Lol",6,"ReportReason_6"
346583,"2017-01-26 21:54:11.45636",2900545,2138470,6,"",6,"ReportReason_6"
244478,"2016-08-09 05:52:03.806392",951695,936546,2,"",2,"ReportReason_2"
308202,"2016-11-05 23:57:28.510703",2824345,2794640,1,"",1,"ReportReason_1"
167042,"2016-04-25 05:11:00.024093",675633,2131885,2,"",2,"ReportReason_2"
350768,"2017-02-06 13:13:15.149648",610063,3095645,4,"",4,"ReportReason_4"
358585,"2017-02-28 23:30:23.831877",3064204,2853883,2,"",2,"ReportReason_2"
386668,"2017-05-08 17:33:01.777481",3165045,3335365,2,"",2,"ReportReason_2"
378103,"2017-04-23 20:51:27.91702",3104243,3335365,2,"",2,"ReportReason_2"
378708,"2017-04-24 12:43:54.963968",3218548,3335365,6,"hes a bitch. ",6,"ReportReason_6"
379097,"2017-04-24 23:24:14.300179",2767460,3335365,2,"",2,"ReportReason_2"
382859,"2017-04-30 07:35:47.747404",3284526,3335365,2,"",2,"ReportReason_2"
390096,"2017-05-15 04:32:55.261393",3383599,3335365,2,"",2,"ReportReason_2"
313100,"2016-11-15 17:38:55.515005",2825237,2724017,6,"repetitive",6,"ReportReason_6"
322027,"2016-12-03 22:29:32.325276",2249008,2909547,4,"",4,"ReportReason_4"
324411,"2016-12-08 02:19:54.683649",2031938,2643478,2,"",2,"ReportReason_2"
303120,"2016-10-27 04:41:20.850177",1006867,2284384,6,"",6,"ReportReason_6"
375277,"2017-04-20 12:53:49.536797",2318528,3303231,2,"",2,"ReportReason_2"
92163,"2016-02-11 14:36:04.812029",906834,234266,1,"",1,"ReportReason_1"
356435,"2017-02-21 11:06:57.052512",2234822,3114249,5,"",5,"ReportReason_5"
356640,"2017-02-22 03:02:48.217736",2234822,3114249,5,"",5,"ReportReason_5"
373898,"2017-04-18 00:39:15.330957",2829188,3114249,5,"",5,"ReportReason_5"
386389,"2017-05-08 03:13:45.437334",3334285,2789544,4,"",4,"ReportReason_4"
373075,"2017-04-15 11:43:18.946022",3303231,2754159,2,"",2,"ReportReason_2"
341537,"2017-01-14 16:10:42.568755",3041539,2554856,1,"",1,"ReportReason_1"
363990,"2017-03-19 16:03:38.556039",871679,3229655,6,"Looking for money",6,"ReportReason_6"
254547,"2016-08-27 13:03:41.287105",2525971,2588905,2,"",2,"ReportReason_2"
358823,"2017-03-01 15:31:49.249561",2767460,3169907,2,"",2,"ReportReason_2"
62446,"2016-02-11 14:30:17.879653",494361,384493,3,"",3,"ReportReason_3"
375121,"2017-04-20 02:52:27.999919",2767460,3322893,2,"",2,"ReportReason_2"
341153,"2017-01-13 23:02:09.244861",2111385,3002940,2,"",2,"ReportReason_2"
341154,"2017-01-13 23:02:16.429224",2111385,3002940,2,"",2,"ReportReason_2"
341155,"2017-01-13 23:02:22.14316",2111385,3002940,2,"",2,"ReportReason_2"
259243,"2016-09-03 15:54:59.580105",2515284,816467,5,"",5,"ReportReason_5"
300661,"2016-10-22 22:26:48.010053",2767460,816467,5,"",5,"ReportReason_5"
305696,"2016-11-01 02:23:41.153199",2804030,816467,5,"",5,"ReportReason_5"
307390,"2016-11-04 05:21:05.367942",2767460,816467,5,"",5,"ReportReason_5"
321553,"2016-12-02 23:44:16.411111",2767460,816467,5,"",5,"ReportReason_5"
328661,"2016-12-19 06:34:41.148841",2767460,816467,5,"",5,"ReportReason_5"
341874,"2017-01-15 10:38:27.888638",2767460,816467,5,"",5,"ReportReason_5"
297646,"2016-10-18 18:04:55.879083",2737374,816467,5,"",5,"ReportReason_5"
353569,"2017-02-12 14:12:03.224088",2980583,3104410,6,"Scam",6,"ReportReason_6"
353746,"2017-02-12 22:23:13.684746",2636950,3104410,2,"",2,"ReportReason_2"
137236,"2016-03-21 00:30:34.392615",1072168,390671,1,"",1,"ReportReason_1"
313640,"2016-11-16 19:14:20.381616",2843984,2239730,4,"",4,"ReportReason_4"
313635,"2016-11-16 19:08:44.940402",2843984,2239730,4,"",4,"ReportReason_4"
319574,"2016-11-28 08:20:51.461695",2767460,304088,2,"",2,"ReportReason_2"
363862,"2017-03-19 02:37:09.279089",3095185,3205505,2,"",2,"ReportReason_2"
362447,"2017-03-14 20:07:48.47146",3217975,3106760,2,"",2,"ReportReason_2"
358654,"2017-03-01 02:09:03.436587",2767460,3170017,2,"",2,"ReportReason_2"
381425,"2017-04-28 05:36:48.12589",3347161,3347002,6,"soliciting to pay for another service",6,"ReportReason_6"
358717,"2017-03-01 06:07:44.608582",3137741,3170979,1,"",1,"ReportReason_1"
350699,"2017-02-06 06:52:21.460253",3049083,3106020,4,"",4,"ReportReason_4"
